Time,Mean,Lower,Upper
99,0.004845918400609522,0.004201604570005242,0.004564999371865162
119,-0.019306370112243326,-0.018301386701395684,-0.017717263365868704
139,-0.030098326038749578,-0.031299640742616486,-0.030561127000668424
159,0.03517283742985675,0.034647533587845405,0.03525382615826995
