Time,Mean,Lower,Upper
99,0.13023375098770923,0.129537559510004,0.1298809590143911
119,0.17225681341225213,0.17348461103360358,0.17411709045334572
139,0.11336960627060019,0.11184087127397041,0.11295895176456179
159,0.20685280588609864,0.20735543295469716,0.20832822100305118
