Time,Mean,Lower,Upper
99,0.5462211170624351,0.5462051578903122,0.5462519293805731
119,0.60215244856631,0.6021469042797749,0.602152446141507
139,0.6003931330752919,0.6003931330752909,0.600393133075292
159,0.39975430343497925,0.3997460129355309,0.3997509677911689
