Time,Mean,Lower,Upper
99,0.25372306489566854,0.2551797833436928,0.2557858921870497
119,0.4061234542626246,0.4053051456176916,0.4057511083451078
139,0.3823812045931624,0.3816056255566769,0.38228542754833944
159,0.43873999344185394,0.44104336147340983,0.44162276473698886
