Time,Mean,Lower,Upper
99,0.48187713311598646,0.48081817870316035,0.4822103785254891
119,0.7240452444613322,0.7241049943039408,0.7241054035853212
139,0.39962855974390366,0.3994483161829214,0.399626632994331
159,0.3785296805531898,0.3785273296878353,0.3785321108952719
