Time,Mean,Lower,Upper
99,0.4238591321641688,0.42386453622714004,0.4242979212975089
119,0.3976081252578672,0.3976026272035533,0.39760809391104074
139,0.39959165369848504,0.39959165369848393,0.39959165369848504
159,0.5996864079692721,0.5996863912848756,0.5996914383301578
