Time,Mean,Lower,Upper
99,0.004371685470315452,0.00435198776615711,0.004361429200125265
119,0.0043048781650737965,0.004289281385880542,0.0042995995140074844
139,0.005142612181755199,0.005117337418596725,0.005133023427814248
159,0.004459109296490844,0.0043752518039693305,0.004396203565622293
