Time,Mean,Lower,Upper
99,0.02991975077339614,0.027670962812776416,0.027928046573792564
119,0.0002394261758227453,0.0002393707796512527,0.00023937079516614076
139,1.5213226223023599e-05,1.5213221028910703e-05,1.5213226222935314e-05
159,0.000559288595748623,0.0005567200395496716,0.0005567518549605917
