Time,Mean,Lower,Upper
99,0.07755282767393827,0.07723589129628133,0.07799784042379473
119,0.13632921148179952,0.13655850220317317,0.13716776960363541
139,0.15004936050916223,0.15113593758971453,0.15218390753892655
159,0.11456626795570761,0.11462610100937182,0.11573625670553178
