Time,Mean,Lower,Upper
99,0.04087001666380019,0.04086451480851263,0.04088865408365247
119,0.0421724949099876,0.042250747215267545,0.04227226946868572
139,0.041321798842238654,0.04127781290779997,0.041300047750496054
159,0.035485137440408536,0.03545312405866421,0.035490957293761206
