Time,Mean,Lower,Upper
99,0.24316025248411877,0.24294731382167506,0.24339007649220887
119,0.39977041752074516,0.3993316844999917,0.3996577068383439
139,0.40928392685474213,0.40792336464357526,0.4085173397629996
159,0.4159057292721885,0.4148214637142956,0.41542037342631927
