Time,Mean,Lower,Upper
99,0.0038318939885002507,0.0038237863320171894,0.0038337397372190263
119,0.003542536461881504,0.0035169622900619547,0.0035264706002842952
139,0.005978722574009466,0.005960377605114867,0.0059733097983196235
159,0.004056920352623882,0.004004915482531654,0.004024288302053264
