Time,Mean,Lower,Upper
99,-0.03629127284983402,-0.036646929996043055,-0.03597827055810234
119,-0.03520893148858784,-0.034167190133257586,-0.03296588824052644
139,-0.02209888450755353,-0.019891225745614582,-0.01865967114094039
159,-0.012212439756419127,-0.01228162485457614,-0.01100352026450353
