Time,Mean,Lower,Upper
99,0.38675731348892217,0.3859444122649921,0.38674004667606865
119,0.20202411676946497,0.2019690097559707,0.20196940882957679
139,0.598406275053389,0.5984066327221114,0.5985910250157237
159,0.6213097792449135,0.6213122116812726,0.6214046057032817
