Time,Mean,Lower,Upper
99,0.13136555339509143,0.12516860258981727,0.126237291677224
119,0.07393063876920287,0.07392559160647451,0.07392559186540729
139,0.001965165202707417,0.001963889549696244,0.0019643986575088555
159,0.00016054020189665549,0.00016053178831082008,0.00016053240040697978
