Time,Mean,Lower,Upper
99,0.04236462530284337,0.0423294815310367,0.042368154183478834
119,0.04043512860217284,0.04043609367886869,0.04046424720936132
139,0.0412352138308041,0.041299486747175734,0.04132846023155108
159,0.03297959095695749,0.032954542957683415,0.0329936342098388
